{
    "results": {
        "gaussian": [
            0.5310431938028847,
            0.06414629448779594,
            0.013123376830872363,
            0.01253445556252897
        ],
        "SHRT": [
            0.5310431938028847,
            0.06414629448779594,
            0.013123376830872363,
            0.01253445556252897
        ]
    },
    "info": {
        "k": [
            5,
            10,
            25,
            32
        ],
        "l": 32
    }
}