{
    "results": {
        "gaussian": [
            0.061318998782946,
            0.007406118711989205,
            0.006074010226333914,
            0.004790705100486344
        ],
        "SHRT": [
            0.061318998782946,
            0.007406118711989205,
            0.006074010226333914,
            0.004790705100486344
        ]
    },
    "info": {
        "k": [
            10,
            25,
            32,
            64
        ],
        "l": 64
    }
}