{
    "results": {
        "gaussian": [
            0.06125622629078507,
            0.007351267653483229,
            0.006023634674448429,
            0.004777206605193909
        ],
        "SHRT": [
            0.06125622629078507,
            0.007351267653483229,
            0.006023634674448429,
            0.004777206605193909
        ]
    },
    "info": {
        "k": [
            10,
            25,
            32,
            64
        ],
        "l": 64
    }
}