{
    "results": {
        "gaussian": [
            0.007216256532525035,
            0.0053156213027261145,
            0.0031530772921455927,
            0.0018410176051168953,
            0.00105929993983925,
            0.0008251667933951666
        ],
        "SHRT": [
            0.007216256532525035,
            0.0053156213027261145,
            0.0031530772921455927,
            0.0018410176051168953,
            0.00105929993983925,
            0.0008251667933951666
        ]
    },
    "info": {
        "k": [
            5,
            10,
            25,
            50,
            100,
            150
        ],
        "l": 200
    }
}