{
    "results": {
        "gaussian": [
            0.5308455795235824,
            0.06452300359515771,
            0.014116673875045152,
            0.013504202077003535
        ],
        "SHRT": [
            0.5308455795235824,
            0.06452300359515771,
            0.014116673875045152,
            0.013504202077003535
        ]
    },
    "info": {
        "k": [
            5,
            10,
            25,
            32
        ],
        "l": 32
    }
}