{
    "results": {
        "gaussian": [
            0.5311430369447308,
            0.06428971183826919,
            0.013807476273231235,
            0.013236864058128402
        ],
        "SHRT": [
            0.5311430369447308,
            0.06428971183826919,
            0.013807476273231235,
            0.013236864058128402
        ]
    },
    "info": {
        "k": [
            5,
            10,
            25,
            32
        ],
        "l": 32
    }
}