{
    "results": {
        "gaussian": [
            0.061383996380754695,
            0.007562130683986596,
            0.006241711157706638,
            0.004980602340423357
        ],
        "SHRT": [
            0.061383996380754695,
            0.007562130683986596,
            0.006241711157706638,
            0.004980602340423357
        ]
    },
    "info": {
        "k": [
            10,
            25,
            32,
            64
        ],
        "l": 64
    }
}