{
    "results": {
        "gaussian": [
            0.007216657535422463,
            0.00531854274630348,
            0.003155871959320293,
            0.0018408450168164202,
            0.0010611552162969598,
            0.0008290344681926565
        ],
        "SHRT": [
            0.007216657535422463,
            0.00531854274630348,
            0.003155871959320293,
            0.0018408450168164202,
            0.0010611552162969598,
            0.0008290344681926565
        ]
    },
    "info": {
        "k": [
            5,
            10,
            25,
            50,
            100,
            150
        ],
        "l": 200
    }
}