{
    "results": {
        "gaussian": [
            0.061357026877710934,
            0.007449403197416061,
            0.006153401933279851,
            0.00486208506780782
        ],
        "SHRT": [
            0.061357026877710934,
            0.007449403197416061,
            0.006153401933279851,
            0.00486208506780782
        ]
    },
    "info": {
        "k": [
            10,
            25,
            32,
            64
        ],
        "l": 64
    }
}