{
    "results": {
        "gaussian": [
            0.5311097744090945,
            0.06423693553647226,
            0.013564470311244954,
            0.012954375616740496
        ],
        "SHRT": [
            0.5311097744090945,
            0.06423693553647226,
            0.013564470311244954,
            0.012954375616740496
        ]
    },
    "info": {
        "k": [
            5,
            10,
            25,
            32
        ],
        "l": 32
    }
}